exercicio;Ente;nome;sigla;D1_00001;D1_00002;D1_00003;D1_00004;D1_00016;D2_00044;D2_00046;D2_00048;D2_00049;D2_00050;D2_00058;D2_00069;D2_00070;D2_00071;D2_00072;D2_00073;D2_00074;D2_00100;D2_00101;D2_00102;D2_00103;D2_00104;D3_00002;D3_00005;D3_00006;D3_00008;D3_00009;D3_00010;D3_00014;D3_00015;D3_00016;D3_00017;D3_00022;D3_00023;D3_00024;D3_00025;D3_00026;D3_00027;D3_00028;D3_00030;D3_00032;D3_00033;D3_00034;D3_00035;D3_00037;D3_00038;D3_00039;D3_00040;D3_00044;D3_00047;D4_00001;D4_00002;D4_00003;D4_00004;D4_00005;D4_00006;D4_00007;D4_00010;D4_00012;D4_00017;D4_00019;D4_00020;D4_00022;D4_00024;D4_00025;D4_00026;D4_00029;D4_00030;D4_00031;D4_00032;D4_00033;D4_00034;D4_00038;D4_00040;D4_00043;D4_00046;D4_00047;DI;DII;DIII;DIV;acertos_total;per_acertos;nota_ranking;class_ranking
2025;3300100;Angra dos Reis - RJ;RJ;1.0;1.0;1.0;1.0;1.0;0.0;0.0;0.0;0.0;0.0;1.0;1.0;1.0;0.0;0.0;0.0;1.0;0.0;0.0;0.0;0.0;0.0;1.0;0.0;0.0;0.0;0.0;0.0;1.0;1.0;1.0;1.0;0.0;1.0;0.0;1.0;0.0;1.0;0.0;0.0;1.0;0.0;0.0;1.0;1.0;1.0;1.0;1.0;1.0;1.0;1.0;0.0;0.0;1.0;0.0;0.0;1.0;1.0;1.0;0.0;0.0;0.0;0.0;0.0;0.0;1.0;1.0;1.0;0.0;1.0;1.0;0.0;0.0;0.0;0.0;1.0;1.0;31,075641025641026;55,83333333333333;25;18;129,90897435897438;0,6661998685075609;D;4780
2025;3300159;Aperibé - RJ;RJ;1.0;1.0;1.0;1.0;1.0;1.0;1.0;1.0;1.0;1.0;1.0;1.0;1.0;1.0;1.0;1.0;1.0;1.0;1.0;1.0;1.0;1.0;0.0;0.0;0.0;0.0;1.0;0.0;1.0;1.0;1.0;1.0;1.0;1.0;1.0;1.0;1.0;1.0;1.0;1.0;1.0;1.0;1.0;1.0;1.0;1.0;1.0;1.0;1.0;1.0;0.0;0.0;0.0;0.0;0.0;0.0;1.0;0.0;1.0;1.0;0.0;1.0;1.0;1.0;1.0;0.0;1.0;1.0;1.0;1.0;1.0;1.0;1.0;1.0;1.0;0.0;1.0;32,69615384615385;65,91666666666666;36;24;158,61282051282052;0,8133990795529258;C;3998
2025;3300209;Araruama - RJ;RJ;1.0;1.0;1.0;1.0;1.0;1.0;1.0;1.0;1.0;1.0;1.0;1.0;1.0;1.0;1.0;1.0;1.0;0.0;1.0;1.0;1.0;0.0;1.0;1.0;1.0;0.0;1.0;0.0;1.0;1.0;1.0;1.0;1.0;1.0;0.0;1.0;0.0;1.0;1.0;0.0;1.0;1.0;1.0;1.0;0.0;1.0;0.0;1.0;1.0;1.0;1.0;1.0;0.0;0.0;1.0;1.0;1.0;0.0;1.0;1.0;0.0;1.0;0.0;1.0;1.0;1.0;1.0;1.0;0.0;0.0;0.0;1.0;0.0;1.0;0.0;1.0;1.0;35,63461538461539;73,0;35;22;165,6346153846154;0,8494082840236686;C;3524
2025;3300225;Areal - RJ;RJ;1.0;1.0;1.0;1.0;1.0;1.0;1.0;1.0;1.0;1.0;1.0;1.0;1.0;1.0;1.0;1.0;0.0;1.0;1.0;1.0;1.0;0.0;1.0;1.0;0.0;1.0;1.0;1.0;0.0;1.0;1.0;1.0;1.0;1.0;1.0;1.0;1.0;0.0;1.0;1.0;1.0;1.0;1.0;0.0;0.0;1.0;1.0;1.0;1.0;1.0;1.0;1.0;1.0;1.0;0.0;0.0;0.0;1.0;1.0;1.0;0.0;1.0;1.0;1.0;1.0;1.0;1.0;1.0;1.0;1.0;1.0;1.0;1.0;1.0;1.0;1.0;1.0;33,19871794871795;71,0;36;30;170,19871794871796;0,8728139381985536;B;3118
2025;3300233;Armação dos Búzios - RJ;RJ;1.0;0.0;1.0;1.0;1.0;0.0;0.0;0.0;0.0;0.0;0.0;0.0;0.0;0.0;0.0;0.0;0.0;0.0;0.0;0.0;0.0;0.0;1.0;1.0;1.0;0.0;0.0;0.0;1.0;1.0;1.0;1.0;1.0;1.0;1.0;1.0;1.0;1.0;1.0;1.0;1.0;1.0;1.0;1.0;1.0;1.0;1.0;1.0;1.0;1.0;0.0;0.0;0.0;0.0;0.0;0.0;0.0;0.0;0.0;0.0;0.0;1.0;1.0;1.0;1.0;0.0;1.0;1.0;1.0;1.0;1.0;1.0;1.0;1.0;1.0;0.0;0.0;29,28205128205128;17,5;37;17;100,78205128205127;0,5168310322156475;E;5081
2025;3300258;Arraial do Cabo - RJ;RJ;1.0;1.0;1.0;1.0;1.0;0.0;0.0;0.0;0.0;0.0;1.0;0.0;0.0;1.0;0.0;1.0;0.0;0.0;0.0;0.0;0.0;1.0;0.0;0.0;0.0;0.0;0.0;1.0;1.0;1.0;1.0;1.0;0.0;1.0;0.0;0.0;0.0;0.0;0.0;0.0;1.0;1.0;1.0;0.0;0.0;1.0;0.0;1.0;1.0;1.0;0.0;1.0;1.0;1.0;0.0;0.0;0.0;0.0;1.0;0.0;0.0;0.0;0.0;0.0;0.0;0.0;0.0;0.0;1.0;0.0;1.0;0.0;0.0;0.0;0.0;0.0;0.0;25,434615384615384;55,75;18;12;111,1846153846154;0,5701775147928995;E;4925
2025;3300308;Barra do Piraí - RJ;RJ;1.0;0.0;1.0;1.0;1.0;0.0;0.0;0.0;0.0;0.0;0.0;0.0;0.0;0.0;0.0;0.0;0.0;0.0;0.0;0.0;0.0;0.0;0.0;1.0;1.0;0.0;0.0;1.0;1.0;1.0;1.0;1.0;1.0;1.0;1.0;1.0;1.0;1.0;1.0;1.0;1.0;1.0;1.0;1.0;1.0;1.0;1.0;1.0;1.0;1.0;0.0;0.0;0.0;0.0;0.0;0.0;0.0;0.0;0.0;0.0;0.0;1.0;1.0;1.0;1.0;0.0;1.0;1.0;1.0;1.0;1.0;1.0;1.0;1.0;1.0;0.0;0.0;30,756410256410255;15,833333333333334;37;16;99,58974358974359;0,5107166337935569;E;5097
2025;3300407;Barra Mansa - RJ;RJ;1.0;1.0;1.0;1.0;1.0;1.0;1.0;1.0;1.0;1.0;1.0;1.0;1.0;1.0;1.0;1.0;1.0;1.0;1.0;1.0;1.0;1.0;1.0;1.0;1.0;1.0;1.0;1.0;1.0;1.0;1.0;1.0;1.0;1.0;1.0;1.0;1.0;1.0;1.0;1.0;1.0;1.0;1.0;1.0;1.0;1.0;1.0;1.0;1.0;1.0;1.0;1.0;1.0;1.0;1.0;1.0;1.0;1.0;1.0;1.0;1.0;1.0;1.0;1.0;1.0;1.0;1.0;1.0;1.0;1.0;1.0;1.0;1.0;1.0;1.0;1.0;1.0;33,35512820512821;73,33333333333333;43;34;183,68846153846152;0,9419921104536488;B;1158
2025;3300456;Belford Roxo - RJ;RJ;1.0;0.0;1.0;1.0;1.0;0.0;0.0;0.0;0.0;0.0;0.0;0.0;0.0;0.0;0.0;0.0;0.0;0.0;0.0;0.0;0.0;0.0;0.0;1.0;0.0;0.0;0.0;0.0;1.0;1.0;1.0;0.0;0.0;0.0;0.0;1.0;0.0;0.0;0.0;0.0;1.0;1.0;1.0;1.0;1.0;1.0;0.0;1.0;1.0;1.0;0.0;0.0;0.0;0.0;0.0;0.0;0.0;0.0;0.0;0.0;0.0;0.0;0.0;0.0;0.0;0.0;1.0;0.0;0.0;0.0;0.0;0.0;0.0;0.0;0.0;0.0;0.0;24,665384615384617;16,083333333333332;20;3;63,748717948717946;0,3269165023011177;E;5408
2025;3300506;Bom Jardim - RJ;RJ;1.0;1.0;1.0;1.0;1.0;1.0;1.0;1.0;1.0;1.0;1.0;1.0;1.0;1.0;1.0;1.0;1.0;1.0;1.0;1.0;1.0;1.0;1.0;1.0;1.0;0.0;1.0;0.0;1.0;1.0;1.0;1.0;1.0;1.0;1.0;1.0;0.0;1.0;1.0;0.0;1.0;1.0;1.0;1.0;1.0;1.0;1.0;1.0;1.0;1.0;1.0;1.0;1.0;1.0;1.0;1.0;1.0;1.0;1.0;1.0;1.0;1.0;1.0;1.0;1.0;1.0;1.0;1.0;1.0;1.0;1.0;1.0;1.0;1.0;0.0;1.0;1.0;37,261538461538464;76,0;38;31;182,26153846153846;0,9346745562130178;B;1392
2025;3300605;Bom Jesus do Itabapoana - RJ;RJ;1.0;0.0;1.0;1.0;1.0;0.0;0.0;0.0;0.0;0.0;0.0;0.0;0.0;0.0;0.0;0.0;0.0;0.0;0.0;0.0;0.0;0.0;1.0;1.0;0.0;1.0;1.0;0.0;1.0;1.0;1.0;1.0;1.0;1.0;1.0;1.0;0.0;1.0;1.0;1.0;1.0;1.0;1.0;1.0;1.0;1.0;1.0;1.0;1.0;1.0;0.0;0.0;0.0;0.0;0.0;0.0;0.0;0.0;0.0;0.0;0.0;1.0;1.0;0.0;0.0;1.0;1.0;1.0;1.0;1.0;1.0;1.0;1.0;0.0;0.0;0.0;0.0;31,134615384615383;18,166666666666664;40;14;103,30128205128204;0,5297501643655489;E;5043
2025;3300704;Cabo Frio - RJ;RJ;1.0;1.0;1.0;1.0;1.0;0.0;0.0;0.0;0.0;0.0;0.0;0.0;1.0;1.0;1.0;0.0;0.0;0.0;0.0;0.0;0.0;0.0;1.0;1.0;0.0;0.0;0.0;0.0;1.0;1.0;1.0;0.0;0.0;1.0;0.0;1.0;0.0;0.0;0.0;0.0;1.0;0.0;0.0;0.0;1.0;1.0;1.0;1.0;1.0;1.0;1.0;1.0;1.0;1.0;1.0;1.0;0.0;0.0;1.0;1.0;1.0;1.0;1.0;0.0;0.0;0.0;1.0;1.0;1.0;0.0;1.0;0.0;1.0;0.0;0.0;1.0;1.0;30,876923076923077;57,25;24;20;132,12692307692308;0,6775739644970414;D;4760
2025;3300803;Cachoeiras de Macacu - RJ;RJ;1.0;0.0;1.0;1.0;0.9230769230769232;0.0;0.0;0.0;0.0;0.0;0.0;0.0;0.0;0.0;0.0;0.0;0.0;0.0;0.0;0.0;0.0;0.0;0.0;1.0;1.0;0.0;1.0;0.0;1.0;1.0;1.0;1.0;1.0;1.0;0.0;1.0;0.0;0.0;1.0;1.0;1.0;1.0;0.0;0.0;0.0;1.0;0.0;1.0;1.0;0.0;0.0;0.0;0.0;0.0;0.0;0.0;0.0;0.0;0.0;0.0;0.0;1.0;0.0;0.0;0.0;1.0;1.0;1.0;0.0;0.0;0.0;1.0;1.0;1.0;0.0;0.0;0.0;32,448717948717956;11,923076923076923;33;10;87,37179487179488;0,448060486522025;E;5252
2025;3300902;Cambuci - RJ;RJ;1.0;0.0;1.0;1.0;1.0;0.0;0.0;0.0;0.0;0.0;0.0;0.0;0.0;0.0;0.0;0.0;0.0;0.0;0.0;0.0;0.0;0.0;0.0;1.0;0.0;0.0;0.0;1.0;1.0;1.0;1.0;1.0;1.0;1.0;0.0;0.0;0.0;1.0;0.0;0.0;1.0;1.0;1.0;1.0;1.0;1.0;1.0;1.0;1.0;1.0;0.0;0.0;0.0;0.0;0.0;0.0;0.0;0.0;0.0;0.0;0.0;1.0;1.0;1.0;0.0;1.0;1.0;0.0;1.0;1.0;1.0;1.0;1.0;1.0;0.0;0.0;0.0;30,4474358974359;16,833333333333336;34;15;96,28076923076922;0,49374753451676523;E;5146
2025;3300936;Carapebus - RJ;RJ;1.0;0.0;1.0;1.0;1.0;0.0;0.0;0.0;0.0;0.0;0.0;0.0;0.0;0.0;0.0;0.0;0.0;0.0;0.0;0.0;0.0;0.0;0.0;1.0;0.0;0.0;0.0;1.0;1.0;1.0;1.0;0.0;1.0;1.0;1.0;1.0;1.0;1.0;1.0;1.0;1.0;0.0;1.0;1.0;0.0;1.0;0.0;1.0;1.0;1.0;0.0;0.0;0.0;0.0;0.0;0.0;0.0;0.0;0.0;0.0;0.0;1.0;1.0;1.0;1.0;1.0;1.0;1.0;1.0;1.0;1.0;1.0;1.0;0.0;1.0;0.0;0.0;30,376923076923077;18,0;35;17;100,37692307692308;0,5147534516765286;E;5085
2025;3300951;Comendador Levy Gasparian - RJ;RJ;1.0;1.0;1.0;1.0;1.0;0.0;0.0;1.0;0.0;0.0;0.0;0.0;0.0;0.0;0.0;0.0;0.0;0.0;1.0;1.0;1.0;1.0;1.0;1.0;1.0;0.0;1.0;0.0;1.0;1.0;1.0;1.0;1.0;1.0;1.0;1.0;1.0;1.0;1.0;1.0;1.0;1.0;1.0;1.0;1.0;1.0;1.0;1.0;1.0;1.0;0.0;0.0;0.0;0.0;0.0;0.0;0.0;0.0;1.0;0.0;1.0;1.0;1.0;1.0;1.0;1.0;1.0;1.0;1.0;1.0;1.0;1.0;1.0;1.0;1.0;0.0;0.0;35,243589743589745;59,833333333333336;37;21;153,0769230769231;0,785009861932939;C;4274
2025;3301009;Campos dos Goytacazes - RJ;RJ;1.0;1.0;1.0;1.0;1.0;1.0;1.0;1.0;1.0;1.0;1.0;1.0;1.0;1.0;1.0;1.0;1.0;0.0;0.0;0.0;0.0;0.0;1.0;1.0;1.0;0.0;0.0;0.0;1.0;1.0;1.0;1.0;1.0;1.0;1.0;1.0;0.0;1.0;1.0;1.0;1.0;1.0;1.0;1.0;1.0;1.0;1.0;1.0;1.0;1.0;0.0;0.0;0.0;0.0;0.0;0.0;0.0;0.0;0.0;0.0;0.0;1.0;0.0;0.0;1.0;0.0;1.0;1.0;1.0;1.0;1.0;1.0;1.0;1.0;0.0;0.0;1.0;32,27564102564102;70,87179487179486;38;18;159,14743589743588;0,8161406969099276;C;3967
2025;3301108;Cantagalo - RJ;RJ;1.0;1.0;1.0;1.0;1.0;1.0;1.0;1.0;1.0;1.0;1.0;1.0;1.0;1.0;1.0;1.0;1.0;1.0;1.0;1.0;1.0;1.0;1.0;1.0;0.0;1.0;1.0;0.0;1.0;1.0;1.0;1.0;1.0;1.0;1.0;1.0;0.0;1.0;0.0;1.0;1.0;1.0;0.0;1.0;1.0;1.0;1.0;1.0;1.0;1.0;1.0;1.0;1.0;1.0;1.0;1.0;1.0;1.0;1.0;0.0;1.0;1.0;1.0;1.0;1.0;1.0;1.0;1.0;1.0;1.0;1.0;1.0;1.0;1.0;0.0;1.0;1.0;38,21666666666667;76,0;38;30;182,21666666666667;0,9344444444444444;B;1398
2025;3301157;Cardoso Moreira - RJ;RJ;1.0;0.0;1.0;1.0;1.0;0.0;0.0;0.0;0.0;0.0;0.0;0.0;0.0;0.0;0.0;0.0;0.0;0.0;0.0;0.0;0.0;0.0;0.0;1.0;0.0;1.0;1.0;1.0;1.0;1.0;1.0;1.0;1.0;1.0;1.0;1.0;0.0;1.0;1.0;1.0;1.0;1.0;1.0;1.0;1.0;1.0;1.0;1.0;1.0;1.0;0.0;0.0;0.0;0.0;0.0;0.0;0.0;0.0;0.0;0.0;0.0;1.0;1.0;1.0;1.0;1.0;1.0;1.0;1.0;0.0;1.0;1.0;1.0;1.0;0.0;0.0;0.0;31,497435897435896;17,333333333333332;39;14;101,83076923076922;0,5222090729783037;E;5065
2025;3301207;Carmo - RJ;RJ;1.0;0.0;0.6666666666666666;1.0;0.9230769230769232;0.0;0.0;0.0;0.0;0.0;0.0;0.0;0.0;0.0;0.0;0.0;0.0;0.0;0.0;0.0;0.0;0.0;1.0;0.0;0.0;0.0;0.0;0.0;0.0;0.0;0.0;1.0;1.0;1.0;1.0;1.0;0.0;1.0;1.0;1.0;1.0;1.0;1.0;1.0;1.0;1.0;1.0;1.0;0.0;1.0;0.0;0.0;0.0;0.0;0.0;0.0;0.0;0.0;0.0;0.0;0.0;1.0;0.0;1.0;1.0;0.0;1.0;1.0;1.0;1.0;1.0;1.0;1.0;1.0;0.0;0.0;0.0;29,57692307692308;10,846153846153847;26;11;77,42307692307693;0,39704142011834326;E;5353
2025;3301306;Casimiro de Abreu - RJ;RJ;1.0;1.0;1.0;1.0;1.0;1.0;1.0;1.0;1.0;1.0;1.0;1.0;1.0;1.0;1.0;1.0;1.0;1.0;1.0;1.0;1.0;1.0;0.0;1.0;0.0;0.0;0.0;1.0;1.0;1.0;1.0;1.0;0.0;1.0;0.0;0.0;0.0;0.0;0.0;0.0;1.0;0.0;1.0;1.0;0.0;1.0;1.0;1.0;1.0;1.0;1.0;0.0;0.0;1.0;0.0;0.0;0.0;1.0;1.0;0.0;0.0;1.0;1.0;1.0;0.0;0.0;1.0;1.0;1.0;0.0;1.0;1.0;0.0;0.0;0.0;0.0;1.0;34,14102564102564;72,91666666666667;29;15;151,05769230769232;0,77465483234714;C;4356
2025;3301405;Conceição de Macabu - RJ;RJ;1.0;0.0;1.0;1.0;1.0;0.0;0.0;0.0;0.0;0.0;0.0;0.0;0.0;0.0;0.0;0.0;0.0;0.0;0.0;0.0;0.0;0.0;0.0;1.0;0.0;0.0;0.0;1.0;1.0;1.0;1.0;1.0;1.0;1.0;0.0;0.0;0.0;0.0;0.0;1.0;1.0;0.0;1.0;1.0;0.0;1.0;0.0;1.0;1.0;1.0;0.0;0.0;0.0;0.0;0.0;0.0;0.0;0.0;0.0;0.0;0.0;1.0;1.0;1.0;0.0;0.0;1.0;1.0;1.0;0.0;0.0;1.0;1.0;0.0;0.0;0.0;0.0;33,19871794871795;17,0;30;10;90,19871794871796;0,4625575279421434;E;5221
2025;3301504;Cordeiro - RJ;RJ;1.0;1.0;1.0;1.0;1.0;1.0;1.0;1.0;0.0;1.0;1.0;1.0;1.0;1.0;1.0;0.0;0.0;1.0;1.0;1.0;0.0;0.0;1.0;1.0;0.0;0.0;0.0;1.0;1.0;1.0;1.0;1.0;1.0;1.0;1.0;1.0;0.0;0.0;1.0;1.0;1.0;1.0;0.0;1.0;1.0;1.0;1.0;1.0;1.0;1.0;0.0;0.0;0.0;0.0;0.0;0.0;0.0;0.0;1.0;1.0;0.0;1.0;1.0;1.0;1.0;0.0;1.0;1.0;1.0;1.0;1.0;1.0;1.0;1.0;0.0;1.0;1.0;37,12051282051282;69,16666666666667;36;21;163,28717948717951;0,8373701512163052;C;3697
2025;3301603;Duas Barras - RJ;RJ;1.0;1.0;1.0;1.0;1.0;1.0;1.0;1.0;1.0;1.0;1.0;1.0;1.0;1.0;1.0;1.0;1.0;1.0;1.0;1.0;0.0;1.0;1.0;1.0;0.0;0.0;0.0;1.0;1.0;1.0;1.0;1.0;0.0;1.0;1.0;1.0;0.0;0.0;1.0;0.0;1.0;1.0;1.0;1.0;1.0;1.0;1.0;1.0;1.0;0.0;0.0;0.0;1.0;1.0;0.0;0.0;0.0;0.0;1.0;0.0;1.0;0.0;0.0;1.0;0.0;0.0;1.0;1.0;1.0;1.0;1.0;1.0;1.0;1.0;0.0;0.0;1.0;35,74230769230769;69,75;34;19;158,4923076923077;0,8127810650887574;C;4003
2025;3301702;Duque de Caxias - RJ;RJ;1.0;1.0;1.0;1.0;1.0;1.0;1.0;1.0;1.0;1.0;1.0;1.0;1.0;1.0;1.0;1.0;1.0;1.0;1.0;1.0;1.0;1.0;1.0;1.0;0.0;1.0;0.0;1.0;1.0;1.0;1.0;1.0;1.0;1.0;1.0;1.0;0.0;1.0;1.0;1.0;1.0;1.0;1.0;1.0;1.0;1.0;1.0;1.0;1.0;1.0;1.0;1.0;1.0;1.0;1.0;1.0;1.0;1.0;1.0;1.0;1.0;1.0;1.0;1.0;1.0;1.0;1.0;1.0;1.0;1.0;1.0;1.0;1.0;1.0;0.0;1.0;1.0;27,169230769230772;73,66666666666667;31;32;163,83589743589744;0,8401840894148587;C;3651
2025;3301801;Engenheiro Paulo de Frontin - RJ;RJ;1.0;1.0;1.0;0.6666666666666666;0.9230769230769232;0.0;0.0;0.0;0.0;0.0;0.0;0.0;0.0;0.0;0.0;0.0;0.0;0.0;0.0;0.0;0.0;0.0;1.0;0.0;0.0;1.0;1.0;0.0;1.0;1.0;1.0;0.0;0.0;1.0;1.0;1.0;0.0;0.0;0.0;1.0;1.0;1.0;1.0;1.0;1.0;1.0;1.0;1.0;1.0;1.0;0.0;0.0;0.0;1.0;1.0;1.0;1.0;0.0;0.0;1.0;1.0;0.0;0.0;0.0;1.0;1.0;1.0;1.0;1.0;1.0;1.0;1.0;1.0;1.0;0.0;0.0;0.0;30,179487179487182;44,08974358974359;29;20;123,26923076923077;0,6321499013806706;E;4839
2025;3301850;Guapimirim - RJ;RJ;1.0;1.0;1.0;1.0;1.0;1.0;1.0;1.0;1.0;1.0;1.0;1.0;1.0;1.0;1.0;1.0;1.0;1.0;1.0;1.0;1.0;1.0;1.0;1.0;1.0;1.0;1.0;1.0;1.0;1.0;1.0;1.0;1.0;1.0;1.0;1.0;1.0;1.0;1.0;1.0;1.0;1.0;1.0;1.0;1.0;1.0;1.0;1.0;1.0;1.0;1.0;1.0;1.0;1.0;1.0;1.0;1.0;1.0;1.0;1.0;1.0;1.0;1.0;1.0;1.0;1.0;1.0;1.0;1.0;1.0;1.0;1.0;1.0;1.0;1.0;1.0;1.0;37,35;77,66666666666667;43;34;192,01666666666665;0,9847008547008547;A;140
2025;3301876;Iguaba Grande - RJ;RJ;1.0;1.0;1.0;1.0;1.0;1.0;1.0;1.0;1.0;1.0;1.0;1.0;1.0;1.0;1.0;1.0;1.0;0.0;0.0;1.0;0.0;1.0;1.0;1.0;1.0;1.0;1.0;1.0;1.0;1.0;1.0;1.0;1.0;1.0;1.0;1.0;1.0;1.0;1.0;1.0;1.0;1.0;1.0;1.0;1.0;1.0;1.0;1.0;1.0;1.0;1.0;1.0;1.0;1.0;1.0;1.0;1.0;1.0;1.0;1.0;1.0;1.0;1.0;1.0;1.0;1.0;1.0;1.0;1.0;1.0;1.0;1.0;1.0;1.0;0.0;1.0;1.0;35,01538461538462;69,66666666666667;39;33;176,6820512820513;0,9060618014464169;B;2308
2025;3301900;Itaboraí - RJ;RJ;1.0;1.0;1.0;1.0;1.0;1.0;0.0;1.0;1.0;1.0;1.0;1.0;1.0;1.0;1.0;1.0;1.0;0.0;0.0;0.0;0.0;1.0;1.0;1.0;1.0;1.0;1.0;1.0;1.0;1.0;1.0;1.0;1.0;1.0;1.0;1.0;0.0;1.0;1.0;1.0;1.0;1.0;1.0;1.0;1.0;1.0;1.0;1.0;1.0;0.0;1.0;1.0;1.0;1.0;1.0;1.0;1.0;1.0;1.0;1.0;1.0;1.0;0.0;1.0;1.0;1.0;1.0;1.0;1.0;1.0;1.0;1.0;0.0;1.0;0.0;0.0;1.0;33,67307692307692;61,66666666666667;38;30;163,3397435897436;0,8376397107166338;C;3692
2025;3302007;Itaguaí - RJ;RJ;1.0;0.0;1.0;1.0;1.0;0.0;0.0;0.0;0.0;0.0;0.0;0.0;0.0;0.0;0.0;0.0;0.0;0.0;0.0;0.0;0.0;0.0;1.0;0.0;0.0;1.0;0.0;1.0;1.0;1.0;1.0;0.0;0.0;0.0;0.0;0.0;0.0;0.0;0.0;0.0;1.0;1.0;0.0;0.0;0.0;1.0;0.0;1.0;0.0;1.0;0.0;0.0;0.0;0.0;0.0;0.0;0.0;0.0;0.0;0.0;0.0;0.0;0.0;0.0;0.0;0.0;0.0;0.0;0.0;0.0;0.0;0.0;0.0;0.0;0.0;0.0;0.0;18,16025641025641;16,083333333333332;16;3;53,243589743589745;0,2730440499671269;E;5431
2025;3302056;Italva - RJ;RJ;1.0;1.0;1.0;1.0;1.0;1.0;1.0;1.0;1.0;1.0;1.0;1.0;1.0;1.0;1.0;1.0;1.0;1.0;1.0;1.0;1.0;1.0;1.0;1.0;0.0;1.0;1.0;1.0;1.0;1.0;1.0;1.0;1.0;1.0;1.0;1.0;0.0;1.0;1.0;1.0;1.0;1.0;1.0;1.0;1.0;1.0;1.0;1.0;1.0;1.0;1.0;1.0;1.0;1.0;1.0;1.0;1.0;1.0;1.0;1.0;1.0;1.0;1.0;1.0;1.0;1.0;1.0;1.0;1.0;1.0;1.0;1.0;1.0;1.0;0.0;1.0;1.0;34,02564102564102;75,0;40;33;182,02564102564102;0,9334648257725181;B;1432
2025;3302106;Itaocara - RJ;RJ;1.0;1.0;1.0;1.0;1.0;1.0;1.0;1.0;1.0;1.0;1.0;1.0;1.0;1.0;1.0;1.0;1.0;1.0;1.0;1.0;1.0;1.0;0.0;1.0;0.0;1.0;1.0;1.0;1.0;1.0;1.0;1.0;1.0;1.0;1.0;1.0;0.0;0.0;0.0;0.0;1.0;1.0;1.0;1.0;1.0;1.0;1.0;1.0;1.0;1.0;1.0;1.0;0.0;0.0;1.0;1.0;1.0;1.0;1.0;1.0;1.0;1.0;1.0;1.0;1.0;1.0;1.0;1.0;1.0;1.0;1.0;1.0;1.0;1.0;0.0;1.0;1.0;35,967948717948715;71,41666666666667;32;29;168,3846153846154;0,8635108481262328;B;3283
2025;3302205;Itaperuna - RJ;RJ;1.0;1.0;1.0;0.3333333333333333;1.0;1.0;1.0;1.0;1.0;1.0;1.0;1.0;1.0;1.0;1.0;1.0;1.0;1.0;1.0;1.0;1.0;1.0;1.0;1.0;1.0;1.0;1.0;0.0;1.0;1.0;1.0;1.0;1.0;1.0;1.0;1.0;1.0;1.0;1.0;1.0;1.0;1.0;1.0;1.0;1.0;1.0;1.0;1.0;1.0;1.0;1.0;1.0;1.0;1.0;1.0;1.0;1.0;1.0;1.0;1.0;1.0;1.0;1.0;1.0;1.0;1.0;1.0;1.0;1.0;1.0;1.0;1.0;1.0;1.0;1.0;1.0;1.0;29,5;70,25;35;30;164,75;0,8448717948717949;C;3595
2025;3302254;Itatiaia - RJ;RJ;1.0;1.0;1.0;1.0;1.0;1.0;1.0;1.0;1.0;1.0;0.0;1.0;1.0;1.0;1.0;1.0;1.0;1.0;1.0;1.0;1.0;1.0;1.0;0.0;0.0;0.0;1.0;0.0;1.0;1.0;1.0;1.0;1.0;1.0;1.0;1.0;0.0;1.0;1.0;1.0;1.0;1.0;1.0;1.0;1.0;1.0;1.0;1.0;1.0;1.0;1.0;1.0;1.0;1.0;1.0;1.0;1.0;1.0;1.0;1.0;1.0;1.0;1.0;1.0;1.0;0.0;1.0;1.0;1.0;1.0;1.0;1.0;1.0;1.0;0.0;0.0;1.0;35,0;69,16666666666667;37;28;169,16666666666669;0,8675213675213677;B;3206
2025;3302270;Japeri - RJ;RJ;1.0;0.0;1.0;1.0;1.0;0.0;0.0;0.0;0.0;0.0;0.0;0.0;0.0;0.0;0.0;0.0;0.0;0.0;0.0;0.0;0.0;0.0;0.0;0.0;1.0;1.0;0.0;0.0;0.0;1.0;1.0;1.0;1.0;1.0;1.0;1.0;1.0;1.0;1.0;1.0;1.0;1.0;1.0;1.0;1.0;1.0;1.0;1.0;1.0;1.0;0.0;0.0;0.0;0.0;0.0;0.0;0.0;0.0;0.0;0.0;0.0;1.0;1.0;1.0;1.0;1.0;1.0;1.0;1.0;1.0;1.0;1.0;1.0;1.0;1.0;0.0;0.0;31,358974358974358;16,25;37;18;102,60897435897436;0,5261998685075608;E;5056
2025;3302304;Laje do Muriaé - RJ;RJ;1.0;1.0;1.0;0.0;0.9230769230769232;0.0;0.0;0.0;0.0;0.0;0.0;0.0;0.0;0.0;0.0;0.0;0.0;0.0;0.0;0.0;0.0;0.0;0.0;0.0;0.0;0.0;1.0;0.0;0.0;0.0;1.0;1.0;1.0;1.0;1.0;1.0;1.0;1.0;1.0;1.0;1.0;1.0;1.0;1.0;1.0;1.0;1.0;1.0;1.0;1.0;1.0;1.0;1.0;1.0;1.0;1.0;1.0;0.0;0.0;0.0;1.0;1.0;0.0;0.0;1.0;1.0;1.0;1.0;1.0;1.0;1.0;1.0;1.0;1.0;1.0;0.0;0.0;27,83974358974359;46,17307692307692;27;25;126,01282051282051;0,6462195923734385;E;4818
2025;3302403;Macaé - RJ;RJ;1.0;1.0;1.0;1.0;1.0;1.0;1.0;0.0;1.0;1.0;0.0;1.0;1.0;1.0;1.0;1.0;1.0;1.0;1.0;1.0;1.0;1.0;1.0;1.0;1.0;0.0;0.0;1.0;1.0;1.0;1.0;1.0;1.0;1.0;1.0;1.0;0.0;0.0;1.0;1.0;1.0;1.0;1.0;1.0;1.0;1.0;1.0;1.0;1.0;1.0;1.0;1.0;1.0;1.0;1.0;1.0;1.0;1.0;0.0;1.0;1.0;1.0;1.0;1.0;1.0;1.0;1.0;1.0;1.0;1.0;1.0;1.0;1.0;1.0;0.0;1.0;1.0;36,38333333333333;69,33333333333333;38;32;175,71666666666664;0,901111111111111;B;2449
2025;3302452;Macuco - RJ;RJ;0.8333333333333333;0.0;0.5;1.0;0.8461538461538463;0.0;0.0;0.0;0.0;0.0;0.0;0.0;0.0;0.0;0.0;0.0;0.0;0.0;0.0;0.0;0.0;0.0;0.0;0.0;0.0;0.0;0.0;0.0;0.0;0.0;0.0;0.0;0.0;0.0;0.0;0.0;0.0;0.0;0.0;0.0;0.0;0.0;0.0;0.0;0.0;0.0;0.0;0.0;0.0;0.0;0.0;0.0;0.0;0.0;0.0;0.0;0.0;0.0;0.0;0.0;0.0;0.0;0.0;0.0;0.0;0.0;0.0;0.0;0.0;0.0;0.0;0.0;0.0;0.0;0.0;0.0;0.0;21,884615384615387;4,096153846153846;0;0;25,980769230769244;0,13323471400394485;E;5510
2025;3302502;Magé - RJ;RJ;1.0;1.0;1.0;1.0;1.0;1.0;1.0;1.0;1.0;1.0;1.0;1.0;1.0;1.0;1.0;1.0;0.0;1.0;1.0;1.0;1.0;1.0;0.0;1.0;1.0;0.0;0.0;0.0;1.0;1.0;1.0;0.0;1.0;1.0;1.0;1.0;1.0;1.0;1.0;1.0;1.0;1.0;1.0;1.0;1.0;1.0;1.0;1.0;1.0;1.0;1.0;0.0;0.0;1.0;1.0;1.0;1.0;1.0;0.0;1.0;1.0;1.0;0.0;0.0;0.0;0.0;1.0;1.0;1.0;0.0;1.0;0.0;0.0;1.0;1.0;1.0;0.0;27,993589743589745;65,08333333333333;30;18;141,0769230769231;0,7234714003944774;D;4637
2025;3302601;Mangaratiba - RJ;RJ;1.0;0.0;1.0;1.0;1.0;0.0;0.0;0.0;0.0;0.0;0.0;0.0;0.0;0.0;0.0;0.0;0.0;0.0;0.0;0.0;0.0;0.0;1.0;1.0;0.0;1.0;0.0;0.0;1.0;1.0;1.0;1.0;1.0;1.0;1.0;1.0;0.0;1.0;1.0;1.0;1.0;1.0;1.0;1.0;1.0;1.0;1.0;1.0;1.0;1.0;0.0;0.0;0.0;0.0;0.0;0.0;0.0;0.0;0.0;0.0;0.0;1.0;1.0;1.0;1.0;1.0;1.0;1.0;1.0;1.0;1.0;1.0;1.0;1.0;0.0;0.0;0.0;30,81282051282051;16,916666666666664;37;14;98,72948717948717;0,5063050624589085;E;5111
2025;3302700;Maricá - RJ;RJ;1.0;1.0;1.0;1.0;1.0;1.0;1.0;1.0;1.0;1.0;1.0;1.0;1.0;1.0;1.0;1.0;1.0;1.0;1.0;1.0;1.0;1.0;1.0;1.0;1.0;1.0;1.0;1.0;1.0;1.0;1.0;1.0;1.0;1.0;1.0;1.0;0.0;1.0;1.0;1.0;1.0;1.0;1.0;1.0;1.0;1.0;1.0;1.0;1.0;1.0;1.0;1.0;1.0;1.0;1.0;1.0;1.0;1.0;1.0;1.0;1.0;1.0;1.0;1.0;1.0;1.0;1.0;1.0;1.0;1.0;1.0;1.0;1.0;1.0;0.0;1.0;1.0;34,457692307692305;78,0;41;33;186,4576923076923;0,9561932938856015;A;730
2025;3302809;Mendes - RJ;RJ;0.3333333333333333;0.0;0.3333333333333333;0.3333333333333333;0.7692307692307693;0.0;0.0;0.0;0.0;0.0;0.0;0.0;0.0;0.0;0.0;0.0;0.0;0.0;0.0;0.0;0.0;0.0;0.0;0.0;0.0;0.0;0.0;0.0;0.0;0.0;0.0;0.0;0.0;0.0;0.0;0.0;0.0;0.0;0.0;0.0;0.0;0.0;0.0;0.0;0.0;0.0;0.0;0.0;0.0;0.0;0.0;0.0;0.0;0.0;0.0;0.0;0.0;0.0;0.0;0.0;0.0;0.0;0.0;0.0;0.0;0.0;0.0;0.0;0.0;0.0;0.0;0.0;0.0;0.0;0.0;0.0;0.0;16,897435897435898;6,26923076923077;0;0;23,166666666666668;0,11880341880341881;E;5522
2025;3302858;Mesquita - RJ;RJ;1.0;1.0;1.0;1.0;1.0;0.0;0.0;0.0;0.0;0.0;0.0;1.0;1.0;0.0;0.0;1.0;0.0;0.0;0.0;0.0;0.0;0.0;1.0;1.0;0.0;0.0;0.0;0.0;1.0;1.0;1.0;1.0;0.0;1.0;0.0;1.0;0.0;1.0;0.0;1.0;1.0;1.0;1.0;0.0;0.0;1.0;1.0;1.0;1.0;0.0;1.0;1.0;1.0;1.0;0.0;0.0;0.0;0.0;0.0;0.0;0.0;0.0;0.0;0.0;0.0;0.0;1.0;1.0;0.0;0.0;1.0;0.0;0.0;0.0;0.0;0.0;1.0;29,294871794871796;47,41666666666667;22;13;111,71153846153847;0,572879684418146;E;4921
2025;3302908;Miguel Pereira - RJ;RJ;0.8333333333333333;1.0;0.6666666666666666;1.0;1.0;0.0;1.0;1.0;1.0;0.0;1.0;1.0;1.0;1.0;1.0;1.0;0.0;0.0;0.0;0.0;0.0;0.0;0.0;0.0;0.0;0.0;0.0;0.0;0.0;0.0;0.0;0.0;0.0;0.0;0.0;0.0;0.0;0.0;0.0;0.0;0.0;0.0;0.0;0.0;0.0;0.0;0.0;0.0;0.0;0.0;0.0;0.0;0.0;0.0;0.0;0.0;0.0;0.0;0.0;0.0;0.0;0.0;0.0;0.0;0.0;0.0;0.0;0.0;0.0;0.0;0.0;0.0;0.0;0.0;0.0;0.0;0.0;23,647435897435898;62,833333333333336;2;1;89,48076923076924;0,45887573964497047;E;5230
2025;3303005;Miracema - RJ;RJ;0.0;0.0;0.0;0.0;1.0;0.0;0.0;0.0;0.0;0.0;0.0;0.0;0.0;0.0;0.0;0.0;0.0;0.0;0.0;0.0;0.0;0.0;0.0;0.0;0.0;0.0;0.0;0.0;0.0;0.0;0.0;0.0;0.0;0.0;0.0;0.0;0.0;0.0;0.0;0.0;0.0;0.0;0.0;0.0;0.0;0.0;0.0;0.0;0.0;0.0;0.0;0.0;0.0;0.0;0.0;0.0;0.0;0.0;0.0;0.0;0.0;0.0;0.0;0.0;0.0;0.0;0.0;0.0;0.0;0.0;0.0;0.0;0.0;0.0;0.0;0.0;0.0;25,21794871794872;16,083333333333332;6;0;47,30128205128205;0,2425706771860618;E;5465
2025;3303104;Natividade - RJ;RJ;1.0;1.0;1.0;1.0;1.0;0.0;0.0;0.0;1.0;1.0;1.0;1.0;1.0;1.0;1.0;1.0;1.0;1.0;1.0;1.0;1.0;1.0;1.0;1.0;0.0;1.0;1.0;1.0;1.0;1.0;1.0;1.0;1.0;1.0;0.0;1.0;0.0;1.0;1.0;1.0;1.0;1.0;0.0;1.0;1.0;1.0;1.0;1.0;1.0;1.0;0.0;1.0;1.0;1.0;1.0;1.0;1.0;0.0;0.0;0.0;1.0;1.0;1.0;1.0;0.0;0.0;1.0;1.0;0.0;0.0;1.0;1.0;1.0;1.0;0.0;0.0;1.0;37,062820512820515;69,75;37;23;166,8128205128205;0,8554503616042077;B;3434
2025;3303203;Nilópolis - RJ;RJ;1.0;1.0;1.0;1.0;1.0;1.0;1.0;1.0;1.0;1.0;0.0;1.0;1.0;1.0;1.0;1.0;0.0;1.0;1.0;1.0;1.0;1.0;0.0;0.0;0.0;0.0;0.0;0.0;1.0;0.0;0.0;1.0;1.0;1.0;0.0;1.0;0.0;0.0;0.0;1.0;1.0;0.0;1.0;1.0;1.0;0.0;0.0;1.0;1.0;1.0;1.0;0.0;1.0;1.0;0.0;0.0;0.0;0.0;0.0;1.0;1.0;1.0;0.0;0.0;0.0;0.0;1.0;1.0;1.0;0.0;1.0;0.0;1.0;0.0;0.0;0.0;1.0;32,176923076923075;67,91666666666667;27;15;142,09358974358975;0,7286850756081525;D;4608
2025;3303302;Niterói - RJ;RJ;1.0;1.0;1.0;1.0;1.0;1.0;1.0;1.0;1.0;1.0;1.0;1.0;1.0;1.0;1.0;1.0;1.0;1.0;1.0;1.0;1.0;1.0;1.0;1.0;0.0;1.0;1.0;1.0;1.0;1.0;1.0;0.0;1.0;1.0;1.0;1.0;0.0;0.0;0.0;0.0;1.0;1.0;1.0;1.0;1.0;1.0;1.0;1.0;1.0;1.0;1.0;1.0;1.0;1.0;0.0;0.0;1.0;1.0;1.0;1.0;1.0;1.0;1.0;0.0;1.0;1.0;1.0;1.0;1.0;1.0;1.0;1.0;1.0;0.0;0.0;1.0;0.0;33,43589743589743;71,0;32;26;162,43589743589743;0,8330046022353714;C;3767
2025;3303401;Nova Friburgo - RJ;RJ;1.0;0.0;1.0;1.0;1.0;0.0;0.0;0.0;0.0;0.0;0.0;0.0;0.0;0.0;0.0;0.0;0.0;0.0;0.0;0.0;0.0;0.0;1.0;1.0;0.0;0.0;1.0;0.0;1.0;1.0;1.0;1.0;1.0;1.0;0.0;0.0;1.0;0.0;1.0;1.0;1.0;1.0;1.0;0.0;0.0;1.0;1.0;1.0;1.0;1.0;0.0;0.0;0.0;0.0;0.0;0.0;0.0;0.0;0.0;0.0;0.0;1.0;0.0;0.0;0.0;0.0;1.0;1.0;0.0;0.0;0.0;1.0;1.0;1.0;1.0;0.0;0.0;30,41025641025641;17,25;31;11;89,66025641025641;0,45979618671926364;E;5228
2025;3303500;Nova Iguaçu - RJ;RJ;1.0;1.0;1.0;1.0;1.0;1.0;1.0;1.0;1.0;1.0;1.0;1.0;1.0;1.0;1.0;1.0;1.0;1.0;1.0;1.0;1.0;1.0;1.0;1.0;1.0;1.0;1.0;1.0;1.0;1.0;1.0;1.0;1.0;1.0;1.0;1.0;0.0;1.0;1.0;1.0;1.0;1.0;1.0;1.0;1.0;1.0;1.0;1.0;1.0;1.0;1.0;1.0;1.0;1.0;1.0;1.0;1.0;1.0;1.0;1.0;1.0;1.0;1.0;1.0;1.0;1.0;1.0;1.0;1.0;1.0;1.0;1.0;1.0;1.0;0.0;1.0;1.0;36,642307692307696;73,69871794871796;42;33;185,34102564102562;0,9504667981591057;A;909
2025;3303609;Paracambi - RJ;RJ;1.0;1.0;1.0;1.0;1.0;0.0;0.0;0.0;0.0;0.0;0.0;1.0;0.0;0.0;0.0;1.0;0.0;0.0;0.0;1.0;0.0;1.0;1.0;1.0;0.0;0.0;0.0;1.0;1.0;1.0;1.0;1.0;0.0;1.0;0.0;1.0;0.0;1.0;0.0;1.0;1.0;1.0;1.0;1.0;0.0;1.0;0.0;1.0;1.0;1.0;0.0;1.0;1.0;1.0;1.0;1.0;1.0;0.0;0.0;0.0;0.0;0.0;0.0;0.0;0.0;0.0;1.0;0.0;1.0;0.0;1.0;1.0;0.0;0.0;0.0;0.0;0.0;28,908974358974362;48,30769230769231;25;17;119,21666666666667;0,6113675213675214;E;4866
2025;3303708;Paraíba do Sul - RJ;RJ;1.0;1.0;1.0;1.0;1.0;1.0;1.0;1.0;1.0;1.0;1.0;1.0;1.0;1.0;1.0;1.0;1.0;1.0;1.0;1.0;1.0;1.0;1.0;1.0;0.0;1.0;0.0;0.0;1.0;1.0;1.0;1.0;1.0;1.0;1.0;1.0;1.0;1.0;1.0;1.0;1.0;1.0;1.0;1.0;1.0;1.0;1.0;1.0;1.0;1.0;1.0;1.0;1.0;1.0;0.0;0.0;0.0;1.0;1.0;0.0;1.0;1.0;1.0;1.0;1.0;1.0;1.0;1.0;1.0;1.0;1.0;1.0;1.0;1.0;1.0;0.0;1.0;33,723076923076924;70,0;37;29;169,72307692307692;0,8703747534516765;B;3162
2025;3303807;Paraty - RJ;RJ;1.0;0.0;1.0;1.0;1.0;0.0;0.0;0.0;0.0;0.0;0.0;0.0;0.0;0.0;0.0;0.0;0.0;0.0;0.0;0.0;0.0;0.0;0.0;1.0;1.0;1.0;0.0;1.0;1.0;1.0;1.0;0.0;1.0;1.0;0.0;0.0;0.0;0.0;1.0;1.0;1.0;1.0;1.0;1.0;1.0;1.0;1.0;1.0;1.0;1.0;0.0;0.0;0.0;0.0;0.0;0.0;0.0;0.0;0.0;0.0;0.0;1.0;1.0;1.0;0.0;0.0;1.0;0.0;1.0;0.0;1.0;0.0;1.0;1.0;0.0;0.0;0.0;31,410256410256412;18,0;35;11;95,41025641025641;0,48928336620644314;E;5156
2025;3303856;Paty do Alferes - RJ;RJ;1.0;1.0;1.0;1.0;1.0;1.0;1.0;1.0;1.0;1.0;1.0;1.0;1.0;1.0;1.0;1.0;1.0;1.0;1.0;1.0;1.0;1.0;1.0;0.0;0.0;1.0;1.0;0.0;1.0;1.0;1.0;1.0;1.0;1.0;1.0;1.0;0.0;0.0;0.0;0.0;1.0;0.0;1.0;0.0;0.0;1.0;1.0;1.0;1.0;0.0;1.0;1.0;1.0;1.0;1.0;1.0;1.0;0.0;1.0;0.0;0.0;1.0;1.0;0.0;1.0;0.0;1.0;1.0;1.0;1.0;1.0;1.0;1.0;0.0;0.0;1.0;1.0;35,728205128205126;71,0;29;26;161,72820512820513;0,8293754109138725;C;3807
2025;3303906;Petrópolis - RJ;RJ;1.0;0.0;1.0;1.0;0.9230769230769232;0.0;0.0;0.0;0.0;0.0;0.0;0.0;0.0;0.0;0.0;0.0;0.0;0.0;0.0;0.0;0.0;0.0;1.0;1.0;1.0;0.0;0.0;0.0;1.0;1.0;1.0;1.0;0.0;0.0;0.0;0.0;0.0;1.0;0.0;0.0;1.0;0.0;1.0;1.0;1.0;1.0;1.0;1.0;1.0;1.0;0.0;0.0;0.0;0.0;0.0;0.0;0.0;0.0;0.0;0.0;0.0;0.0;0.0;0.0;0.0;0.0;0.0;0.0;0.0;0.0;0.0;0.0;0.0;0.0;0.0;0.0;0.0;27,692307692307697;10,006410256410257;25;2;64,69871794871796;0,3317882971729126;E;5406
2025;3303955;Pinheiral - RJ;RJ;1.0;1.0;1.0;1.0;1.0;1.0;1.0;1.0;0.0;0.0;1.0;1.0;1.0;1.0;1.0;1.0;1.0;1.0;1.0;1.0;0.0;1.0;1.0;1.0;0.0;1.0;1.0;0.0;1.0;1.0;1.0;1.0;1.0;1.0;0.0;0.0;1.0;1.0;1.0;1.0;1.0;1.0;0.0;1.0;1.0;1.0;1.0;1.0;1.0;1.0;1.0;1.0;1.0;1.0;1.0;1.0;1.0;1.0;1.0;1.0;1.0;1.0;1.0;1.0;1.0;1.0;1.0;1.0;0.0;1.0;0.0;1.0;1.0;1.0;0.0;1.0;1.0;35,6;69,0;35;31;170,6;0,8748717948717949;B;3066
2025;3304003;Piraí - RJ;RJ;1.0;1.0;1.0;1.0;1.0;1.0;1.0;1.0;1.0;1.0;1.0;1.0;1.0;1.0;1.0;1.0;1.0;1.0;1.0;1.0;1.0;1.0;1.0;1.0;1.0;1.0;1.0;1.0;1.0;1.0;1.0;1.0;1.0;1.0;1.0;1.0;0.0;1.0;1.0;0.0;1.0;1.0;0.0;1.0;1.0;1.0;1.0;1.0;1.0;1.0;1.0;1.0;1.0;1.0;1.0;1.0;1.0;1.0;1.0;1.0;1.0;1.0;1.0;1.0;1.0;0.0;1.0;1.0;1.0;1.0;1.0;1.0;1.0;1.0;0.0;1.0;1.0;33,25;73,0;39;32;177,25;0,908974358974359;B;2220
2025;3304102;Porciúncula - RJ;RJ;1.0;1.0;1.0;1.0;1.0;1.0;1.0;1.0;1.0;1.0;1.0;1.0;1.0;1.0;1.0;1.0;1.0;1.0;1.0;1.0;1.0;1.0;1.0;1.0;0.0;1.0;1.0;0.0;0.0;1.0;1.0;1.0;1.0;1.0;0.0;1.0;0.0;1.0;1.0;1.0;1.0;1.0;0.0;1.0;1.0;1.0;1.0;1.0;1.0;1.0;1.0;0.0;0.0;1.0;0.0;0.0;0.0;1.0;1.0;1.0;1.0;1.0;1.0;1.0;0.0;0.0;1.0;0.0;1.0;0.0;1.0;1.0;1.0;1.0;0.0;1.0;1.0;35,52179487179487;71,83333333333334;38;24;169,3551282051282;0,8684878369493755;B;3192
2025;3304110;Porto Real - RJ;RJ;1.0;1.0;1.0;1.0;1.0;1.0;1.0;1.0;1.0;0.0;1.0;1.0;1.0;1.0;1.0;1.0;0.0;0.0;0.0;1.0;0.0;1.0;1.0;1.0;0.0;0.0;1.0;1.0;1.0;1.0;1.0;1.0;1.0;1.0;1.0;1.0;0.0;1.0;0.0;1.0;1.0;1.0;1.0;1.0;1.0;1.0;1.0;1.0;1.0;1.0;1.0;1.0;1.0;1.0;1.0;1.0;1.0;1.0;1.0;1.0;1.0;1.0;1.0;1.0;1.0;0.0;1.0;1.0;1.0;1.0;1.0;0.0;1.0;0.0;0.0;1.0;1.0;28,21153846153846;65,75;34;30;157,96153846153845;0,8100591715976331;C;4030
2025;3304128;Quatis - RJ;RJ;1.0;1.0;1.0;1.0;1.0;0.0;0.0;0.0;1.0;0.0;0.0;1.0;1.0;1.0;1.0;1.0;0.0;0.0;0.0;1.0;0.0;0.0;0.0;0.0;0.0;0.0;0.0;0.0;0.0;1.0;1.0;0.0;0.0;0.0;1.0;1.0;0.0;0.0;0.0;0.0;1.0;1.0;1.0;1.0;0.0;1.0;0.0;1.0;0.0;0.0;0.0;1.0;0.0;1.0;1.0;1.0;1.0;1.0;0.0;1.0;0.0;0.0;0.0;0.0;1.0;0.0;1.0;1.0;1.0;1.0;1.0;0.0;0.0;0.0;0.0;0.0;0.0;28,696153846153848;56,08333333333333;13;17;114,77948717948718;0,5886127547666009;E;4891
2025;3304144;Queimados - RJ;RJ;1.0;1.0;1.0;1.0;1.0;1.0;1.0;1.0;1.0;1.0;1.0;1.0;1.0;1.0;1.0;1.0;1.0;1.0;1.0;1.0;1.0;1.0;1.0;1.0;1.0;1.0;1.0;1.0;1.0;1.0;1.0;1.0;1.0;1.0;1.0;1.0;0.0;1.0;1.0;1.0;1.0;1.0;1.0;1.0;1.0;1.0;1.0;1.0;1.0;1.0;1.0;1.0;1.0;1.0;1.0;1.0;1.0;1.0;1.0;1.0;1.0;1.0;1.0;1.0;1.0;1.0;1.0;1.0;1.0;1.0;1.0;1.0;1.0;1.0;0.0;1.0;1.0;32,975641025641025;78,0;38;33;181,97564102564104;0,9332084155161079;B;1444
2025;3304151;Quissamã - RJ;RJ;1.0;1.0;1.0;1.0;1.0;1.0;1.0;1.0;1.0;1.0;1.0;1.0;1.0;1.0;1.0;1.0;1.0;1.0;1.0;1.0;1.0;1.0;1.0;0.0;0.0;1.0;0.0;0.0;1.0;1.0;1.0;1.0;1.0;1.0;1.0;1.0;1.0;0.0;0.0;0.0;1.0;1.0;1.0;1.0;1.0;1.0;1.0;1.0;1.0;1.0;1.0;1.0;1.0;1.0;0.0;1.0;0.0;0.0;0.0;1.0;1.0;1.0;0.0;1.0;1.0;1.0;1.0;1.0;1.0;1.0;1.0;1.0;1.0;1.0;1.0;0.0;0.0;32,947435897435895;70,75;35;27;165,6974358974359;0,8497304404996713;C;3517
2025;3304201;Resende - RJ;RJ;1.0;0.0;1.0;1.0;1.0;0.0;0.0;0.0;0.0;0.0;0.0;0.0;0.0;0.0;0.0;0.0;0.0;0.0;0.0;0.0;0.0;0.0;1.0;1.0;0.0;0.0;0.0;1.0;1.0;1.0;1.0;1.0;0.0;1.0;1.0;1.0;0.0;1.0;1.0;1.0;1.0;1.0;0.0;1.0;1.0;1.0;1.0;1.0;1.0;1.0;0.0;0.0;0.0;0.0;0.0;0.0;0.0;0.0;0.0;0.0;0.0;1.0;1.0;1.0;0.0;0.0;1.0;1.0;1.0;1.0;1.0;1.0;1.0;1.0;0.0;0.0;0.0;32,77948717948718;20,0;33;15;100,77948717948718;0,5168178829717291;E;5082
2025;3304300;Rio Bonito - RJ;RJ;1.0;1.0;1.0;1.0;1.0;1.0;1.0;1.0;1.0;1.0;1.0;1.0;1.0;1.0;1.0;1.0;1.0;1.0;1.0;1.0;1.0;1.0;0.0;1.0;1.0;0.0;1.0;1.0;1.0;1.0;1.0;1.0;1.0;1.0;1.0;1.0;1.0;1.0;1.0;1.0;1.0;1.0;1.0;1.0;1.0;1.0;1.0;1.0;1.0;1.0;1.0;1.0;1.0;1.0;0.0;0.0;0.0;1.0;1.0;1.0;1.0;1.0;1.0;1.0;1.0;1.0;1.0;1.0;1.0;1.0;1.0;1.0;1.0;1.0;0.0;1.0;1.0;32,753846153846155;69,25;41;30;173,00384615384615;0,8871992110453649;B;2779
2025;3304409;Rio Claro - RJ;RJ;1.0;1.0;1.0;1.0;1.0;1.0;1.0;1.0;1.0;1.0;1.0;1.0;1.0;1.0;1.0;1.0;1.0;1.0;1.0;1.0;1.0;1.0;1.0;1.0;0.0;0.0;1.0;1.0;1.0;1.0;1.0;1.0;1.0;1.0;1.0;1.0;1.0;1.0;1.0;1.0;1.0;1.0;1.0;1.0;1.0;1.0;1.0;1.0;1.0;1.0;1.0;0.0;0.0;1.0;1.0;1.0;1.0;0.0;0.0;1.0;1.0;1.0;0.0;0.0;1.0;0.0;1.0;1.0;1.0;1.0;1.0;1.0;1.0;1.0;1.0;0.0;1.0;33,12692307692308;71,08333333333333;39;25;168,21025641025642;0,8626166995397765;B;3300
2025;3304508;Rio das Flores - RJ;RJ;1.0;1.0;1.0;1.0;1.0;1.0;1.0;1.0;1.0;1.0;1.0;1.0;1.0;1.0;1.0;1.0;1.0;1.0;1.0;1.0;1.0;1.0;1.0;1.0;1.0;1.0;1.0;1.0;1.0;1.0;1.0;1.0;1.0;1.0;1.0;1.0;0.0;1.0;1.0;1.0;1.0;1.0;1.0;1.0;1.0;1.0;1.0;1.0;1.0;1.0;1.0;1.0;1.0;1.0;1.0;1.0;1.0;1.0;1.0;1.0;1.0;1.0;1.0;1.0;1.0;1.0;1.0;1.0;1.0;1.0;1.0;1.0;1.0;1.0;0.0;1.0;1.0;35,493589743589745;68,91666666666667;41;32;177,4102564102564;0,9097961867192637;B;2193
2025;3304524;Rio das Ostras - RJ;RJ;1.0;1.0;1.0;1.0;1.0;0.0;1.0;1.0;1.0;1.0;1.0;1.0;1.0;1.0;1.0;1.0;1.0;1.0;1.0;1.0;1.0;1.0;1.0;1.0;0.0;0.0;0.0;0.0;0.0;1.0;1.0;1.0;1.0;1.0;1.0;1.0;0.0;1.0;1.0;0.0;1.0;1.0;1.0;1.0;1.0;1.0;1.0;1.0;1.0;1.0;0.0;1.0;1.0;1.0;1.0;1.0;1.0;1.0;1.0;1.0;1.0;1.0;1.0;1.0;1.0;1.0;1.0;1.0;1.0;1.0;1.0;1.0;1.0;1.0;0.0;0.0;1.0;35,3;72,91666666666667;35;29;172,21666666666667;0,8831623931623932;B;2885
2025;3304557;Rio de Janeiro - RJ;RJ;1.0;1.0;1.0;1.0;1.0;1.0;1.0;1.0;1.0;1.0;1.0;1.0;1.0;1.0;1.0;1.0;1.0;1.0;1.0;1.0;1.0;1.0;1.0;1.0;1.0;1.0;1.0;1.0;1.0;1.0;1.0;1.0;1.0;1.0;1.0;1.0;1.0;1.0;1.0;1.0;1.0;1.0;1.0;1.0;1.0;1.0;1.0;1.0;1.0;1.0;1.0;1.0;1.0;1.0;1.0;1.0;1.0;1.0;1.0;1.0;1.0;1.0;1.0;1.0;1.0;1.0;1.0;1.0;1.0;1.0;1.0;1.0;1.0;1.0;1.0;1.0;1.0;38,43333333333333;78,0;44;34;194,43333333333334;0,9970940170940171;A;24
2025;3304607;Santa Maria Madalena - RJ;RJ;1.0;1.0;1.0;1.0;1.0;1.0;1.0;1.0;1.0;1.0;1.0;1.0;1.0;1.0;1.0;1.0;1.0;1.0;1.0;1.0;1.0;1.0;0.0;1.0;1.0;0.0;0.0;1.0;1.0;1.0;1.0;0.0;1.0;1.0;0.0;1.0;0.0;0.0;1.0;1.0;1.0;1.0;1.0;0.0;0.0;0.0;1.0;1.0;1.0;1.0;1.0;0.0;1.0;1.0;1.0;1.0;1.0;0.0;1.0;1.0;0.0;1.0;0.0;1.0;0.0;1.0;1.0;1.0;1.0;1.0;1.0;1.0;1.0;1.0;0.0;1.0;1.0;35,532051282051285;72,5;31;28;167,03205128205127;0,8565746219592373;B;3407
2025;3304706;Santo Antônio de Pádua - RJ;RJ;1.0;1.0;1.0;1.0;1.0;1.0;1.0;1.0;1.0;1.0;1.0;1.0;1.0;1.0;1.0;1.0;1.0;1.0;1.0;1.0;1.0;1.0;1.0;1.0;1.0;1.0;0.0;1.0;1.0;1.0;1.0;1.0;1.0;1.0;1.0;1.0;0.0;1.0;1.0;1.0;1.0;1.0;1.0;1.0;1.0;1.0;1.0;1.0;1.0;1.0;1.0;1.0;1.0;1.0;0.0;1.0;0.0;1.0;1.0;1.0;1.0;1.0;1.0;1.0;1.0;1.0;1.0;1.0;1.0;1.0;1.0;1.0;1.0;1.0;0.0;1.0;1.0;34,53846153846153;70,41666666666667;40;29;173,95512820512823;0,8920775805391191;B;2671
2025;3304755;São Francisco de Itabapoana - RJ;RJ;0.8333333333333333;0.0;1.0;0.6666666666666666;1.0;0.0;0.0;0.0;0.0;0.0;0.0;0.0;0.0;0.0;0.0;0.0;0.0;0.0;0.0;0.0;0.0;0.0;0.0;0.0;0.0;0.0;0.0;0.0;1.0;0.0;0.0;0.0;0.0;0.0;0.0;0.0;0.0;0.0;0.0;0.0;0.0;0.0;0.0;0.0;0.0;0.0;0.0;0.0;0.0;0.0;0.0;0.0;0.0;0.0;0.0;0.0;0.0;0.0;0.0;0.0;0.0;0.0;0.0;0.0;0.0;0.0;0.0;0.0;0.0;0.0;0.0;0.0;0.0;0.0;0.0;0.0;0.0;31,883333333333333;18,916666666666668;9;3;62,8;0,32205128205128203;E;5414
2025;3304805;São Fidélis - RJ;RJ;1.0;1.0;1.0;1.0;1.0;1.0;1.0;1.0;1.0;1.0;1.0;1.0;1.0;1.0;1.0;1.0;1.0;1.0;1.0;1.0;1.0;1.0;1.0;1.0;1.0;1.0;1.0;1.0;1.0;1.0;1.0;0.0;1.0;1.0;1.0;1.0;0.0;1.0;0.0;1.0;0.0;0.0;0.0;1.0;1.0;1.0;1.0;1.0;1.0;1.0;1.0;0.0;1.0;1.0;0.0;0.0;0.0;1.0;1.0;1.0;1.0;1.0;1.0;1.0;0.0;1.0;1.0;1.0;1.0;1.0;1.0;0.0;1.0;1.0;0.0;1.0;1.0;37,0;72,66666666666666;38;22;169,66666666666669;0,8700854700854702;B;3170
2025;3304904;São Gonçalo - RJ;RJ;1.0;1.0;1.0;1.0;1.0;1.0;1.0;1.0;1.0;0.0;1.0;1.0;1.0;1.0;1.0;1.0;0.0;1.0;1.0;1.0;1.0;1.0;1.0;1.0;0.0;0.0;0.0;0.0;0.0;1.0;1.0;0.0;1.0;1.0;1.0;1.0;0.0;1.0;0.0;1.0;1.0;1.0;1.0;1.0;1.0;1.0;1.0;1.0;1.0;1.0;1.0;1.0;1.0;1.0;0.0;0.0;0.0;1.0;1.0;1.0;1.0;1.0;1.0;1.0;1.0;1.0;1.0;1.0;1.0;1.0;1.0;1.0;1.0;1.0;0.0;1.0;1.0;35,94615384615385;74,0;32;27;168,94615384615383;0,8663905325443786;B;3229
2025;3305000;São João da Barra - RJ;RJ;1.0;1.0;1.0;1.0;1.0;1.0;1.0;1.0;1.0;1.0;1.0;1.0;1.0;1.0;1.0;1.0;1.0;1.0;1.0;1.0;1.0;1.0;1.0;1.0;1.0;1.0;1.0;1.0;1.0;1.0;1.0;1.0;1.0;1.0;1.0;1.0;0.0;1.0;1.0;1.0;1.0;1.0;0.0;1.0;1.0;1.0;1.0;1.0;1.0;1.0;1.0;1.0;1.0;1.0;0.0;0.0;0.0;1.0;1.0;1.0;1.0;1.0;1.0;1.0;1.0;1.0;1.0;1.0;1.0;1.0;1.0;1.0;1.0;1.0;0.0;1.0;1.0;36,38974358974359;75,0;41;30;182,3897435897436;0,9353320184089415;B;1368
2025;3305109;São João de Meriti - RJ;RJ;1.0;1.0;1.0;1.0;1.0;0.0;1.0;0.0;0.0;0.0;1.0;1.0;1.0;1.0;1.0;0.0;0.0;0.0;0.0;0.0;0.0;0.0;1.0;1.0;1.0;0.0;0.0;0.0;1.0;1.0;1.0;0.0;0.0;0.0;0.0;0.0;0.0;0.0;0.0;0.0;1.0;1.0;1.0;1.0;1.0;1.0;1.0;1.0;1.0;1.0;0.0;1.0;1.0;1.0;0.0;0.0;0.0;1.0;0.0;1.0;1.0;0.0;1.0;0.0;0.0;0.0;1.0;0.0;1.0;0.0;0.0;0.0;1.0;0.0;0.0;1.0;0.0;31,452564102564104;62,0;27;16;136,4525641025641;0,6997567389875082;D;4703
2025;3305133;São José de Ubá - RJ;RJ;1.0;0.0;1.0;1.0;0.9230769230769232;0.0;0.0;0.0;0.0;0.0;0.0;0.0;0.0;0.0;0.0;0.0;0.0;0.0;0.0;0.0;0.0;0.0;1.0;1.0;0.0;0.0;1.0;1.0;1.0;1.0;1.0;1.0;0.0;1.0;0.0;0.0;0.0;1.0;1.0;0.0;1.0;1.0;1.0;1.0;1.0;1.0;1.0;1.0;1.0;1.0;0.0;0.0;0.0;0.0;0.0;0.0;0.0;0.0;0.0;0.0;0.0;0.0;0.0;1.0;0.0;0.0;0.0;1.0;1.0;0.0;0.0;1.0;0.0;1.0;0.0;0.0;0.0;29,588461538461544;9,923076923076923;34;7;80,51153846153846;0,412879684418146;E;5335
2025;3305158;São José do Vale do Rio Preto - RJ;RJ;1.0;0.0;1.0;1.0;1.0;0.0;0.0;0.0;0.0;0.0;0.0;0.0;0.0;0.0;0.0;0.0;0.0;0.0;0.0;0.0;0.0;0.0;1.0;1.0;1.0;1.0;1.0;1.0;1.0;1.0;1.0;1.0;1.0;1.0;1.0;1.0;0.0;1.0;1.0;1.0;1.0;1.0;1.0;1.0;1.0;1.0;1.0;1.0;1.0;1.0;0.0;0.0;0.0;0.0;0.0;0.0;0.0;0.0;0.0;0.0;0.0;1.0;1.0;1.0;1.0;1.0;1.0;1.0;1.0;1.0;1.0;1.0;1.0;1.0;0.0;0.0;0.0;30,275641025641026;19,0;43;16;108,27564102564102;0,5552596975673899;E;4956
2025;3305208;São Pedro da Aldeia - RJ;RJ;1.0;1.0;1.0;1.0;1.0;0.0;0.0;0.0;0.0;0.0;0.0;1.0;1.0;1.0;0.0;1.0;0.0;0.0;0.0;0.0;0.0;0.0;1.0;1.0;1.0;0.0;1.0;1.0;1.0;1.0;1.0;1.0;0.0;0.0;0.0;0.0;0.0;0.0;0.0;0.0;1.0;1.0;1.0;0.0;1.0;1.0;1.0;1.0;1.0;0.0;0.0;1.0;1.0;1.0;0.0;0.0;0.0;1.0;1.0;1.0;1.0;0.0;0.0;0.0;0.0;0.0;1.0;1.0;1.0;0.0;1.0;0.0;0.0;0.0;0.0;0.0;0.0;25,29102564102564;61,333333333333336;25;16;127,62435897435898;0,6544838921762;D;4802
2025;3305307;São Sebastião do Alto - RJ;RJ;1.0;1.0;1.0;1.0;1.0;1.0;1.0;1.0;1.0;1.0;1.0;1.0;1.0;1.0;1.0;1.0;1.0;1.0;1.0;1.0;1.0;1.0;1.0;1.0;1.0;1.0;1.0;1.0;1.0;1.0;1.0;1.0;1.0;1.0;1.0;1.0;1.0;1.0;1.0;1.0;1.0;1.0;1.0;1.0;1.0;1.0;1.0;1.0;1.0;1.0;1.0;1.0;1.0;1.0;1.0;1.0;1.0;1.0;1.0;1.0;1.0;1.0;1.0;1.0;1.0;1.0;1.0;1.0;1.0;1.0;1.0;1.0;1.0;1.0;1.0;1.0;1.0;34,0;64,66666666666666;40;34;172,66666666666669;0,8854700854700855;B;2825
2025;3305406;Sapucaia - RJ;RJ;1.0;1.0;1.0;1.0;1.0;1.0;1.0;1.0;1.0;1.0;1.0;1.0;1.0;1.0;1.0;1.0;1.0;1.0;1.0;1.0;1.0;1.0;1.0;1.0;1.0;1.0;1.0;1.0;1.0;1.0;1.0;1.0;1.0;1.0;1.0;1.0;1.0;1.0;1.0;1.0;1.0;1.0;1.0;1.0;1.0;1.0;1.0;1.0;1.0;1.0;1.0;1.0;1.0;1.0;1.0;1.0;1.0;1.0;1.0;1.0;1.0;1.0;1.0;1.0;1.0;1.0;1.0;1.0;1.0;1.0;1.0;1.0;1.0;1.0;1.0;1.0;1.0;37,66666666666667;74,08333333333334;41;34;186,75;0,9576923076923077;A;677
2025;3305505;Saquarema - RJ;RJ;1.0;1.0;1.0;1.0;1.0;1.0;1.0;1.0;1.0;1.0;1.0;1.0;1.0;1.0;1.0;1.0;1.0;1.0;1.0;1.0;1.0;1.0;1.0;1.0;1.0;1.0;1.0;0.0;1.0;1.0;1.0;1.0;1.0;1.0;1.0;1.0;0.0;1.0;1.0;1.0;1.0;1.0;1.0;1.0;1.0;1.0;1.0;1.0;1.0;1.0;0.0;0.0;0.0;0.0;0.0;0.0;1.0;1.0;0.0;1.0;1.0;1.0;1.0;1.0;1.0;1.0;1.0;1.0;1.0;1.0;1.0;1.0;1.0;1.0;1.0;0.0;0.0;37,51282051282051;74,91666666666667;41;25;178,42948717948718;0,9150230111768574;B;2026
2025;3305554;Seropédica - RJ;RJ;1.0;0.0;1.0;1.0;1.0;0.0;0.0;0.0;0.0;0.0;0.0;0.0;0.0;0.0;0.0;0.0;0.0;0.0;0.0;0.0;0.0;0.0;1.0;0.0;1.0;0.0;0.0;0.0;1.0;1.0;1.0;0.0;1.0;1.0;1.0;1.0;0.0;1.0;1.0;0.0;1.0;1.0;1.0;1.0;1.0;1.0;1.0;1.0;1.0;1.0;0.0;0.0;0.0;0.0;0.0;0.0;0.0;0.0;0.0;0.0;0.0;1.0;0.0;0.0;1.0;0.0;1.0;1.0;1.0;1.0;1.0;1.0;1.0;1.0;0.0;0.0;0.0;25,865384615384617;16,083333333333336;27;12;80,94871794871796;0,41512163050624595;E;5331
2025;3305604;Silva Jardim - RJ;RJ;1.0;1.0;1.0;1.0;1.0;1.0;1.0;1.0;1.0;1.0;1.0;1.0;1.0;1.0;1.0;1.0;1.0;1.0;1.0;1.0;1.0;1.0;1.0;1.0;1.0;1.0;1.0;0.0;1.0;1.0;1.0;1.0;1.0;1.0;1.0;1.0;1.0;1.0;1.0;1.0;1.0;1.0;1.0;1.0;1.0;1.0;1.0;1.0;1.0;1.0;1.0;1.0;1.0;1.0;1.0;1.0;1.0;1.0;1.0;1.0;1.0;1.0;1.0;1.0;1.0;1.0;1.0;1.0;1.0;1.0;1.0;1.0;1.0;1.0;1.0;0.0;1.0;36,96153846153846;70,83333333333333;42;33;182,7948717948718;0,9374095989480605;B;1298
2025;3305703;Sumidouro - RJ;RJ;1.0;0.0;1.0;1.0;0.9230769230769232;0.0;0.0;0.0;0.0;0.0;0.0;0.0;0.0;0.0;0.0;0.0;0.0;0.0;0.0;0.0;0.0;0.0;1.0;1.0;0.0;1.0;0.0;0.0;1.0;1.0;1.0;0.0;0.0;1.0;1.0;1.0;0.0;1.0;0.0;0.0;1.0;1.0;1.0;1.0;1.0;1.0;1.0;1.0;1.0;1.0;0.0;0.0;0.0;0.0;0.0;0.0;0.0;0.0;0.0;0.0;0.0;0.0;0.0;1.0;1.0;0.0;1.0;1.0;1.0;1.0;1.0;1.0;0.0;1.0;0.0;0.0;0.0;30,191025641025643;9,923076923076923;32;13;85,11410256410257;0,43648257725180806;E;5282
2025;3305752;Tanguá - RJ;RJ;1.0;1.0;1.0;1.0;1.0;1.0;1.0;1.0;1.0;1.0;0.0;1.0;1.0;1.0;1.0;1.0;0.0;0.0;0.0;1.0;0.0;1.0;1.0;1.0;0.0;0.0;0.0;0.0;1.0;1.0;1.0;1.0;1.0;1.0;1.0;1.0;1.0;1.0;1.0;1.0;1.0;1.0;1.0;1.0;1.0;1.0;1.0;1.0;1.0;1.0;0.0;0.0;0.0;1.0;0.0;0.0;0.0;0.0;1.0;1.0;1.0;1.0;0.0;1.0;1.0;1.0;1.0;1.0;1.0;1.0;1.0;1.0;1.0;1.0;1.0;0.0;1.0;31,133333333333333;62,83333333333333;36;23;152,96666666666664;0,7844444444444443;C;4276
2025;3305802;Teresópolis - RJ;RJ;1.0;1.0;1.0;1.0;1.0;1.0;1.0;1.0;1.0;1.0;1.0;1.0;1.0;1.0;1.0;1.0;1.0;1.0;1.0;1.0;1.0;1.0;1.0;1.0;0.0;1.0;0.0;0.0;1.0;1.0;1.0;1.0;1.0;1.0;1.0;1.0;0.0;1.0;1.0;1.0;1.0;1.0;1.0;1.0;1.0;1.0;1.0;1.0;1.0;1.0;1.0;1.0;1.0;1.0;0.0;0.0;0.0;1.0;1.0;1.0;1.0;1.0;1.0;1.0;1.0;1.0;1.0;1.0;1.0;1.0;1.0;1.0;1.0;1.0;0.0;1.0;1.0;35,774358974358975;72,07692307692308;36;29;172,85128205128206;0,8864168310322157;B;2802
2025;3305901;Trajano de Moraes - RJ;RJ;1.0;1.0;1.0;1.0;1.0;1.0;1.0;1.0;1.0;1.0;1.0;1.0;1.0;1.0;1.0;1.0;1.0;1.0;1.0;1.0;1.0;1.0;1.0;1.0;0.0;1.0;1.0;1.0;1.0;1.0;1.0;1.0;1.0;1.0;1.0;1.0;0.0;1.0;0.0;1.0;1.0;1.0;1.0;1.0;0.0;1.0;0.0;1.0;1.0;0.0;0.0;0.0;0.0;1.0;0.0;1.0;0.0;0.0;1.0;1.0;1.0;1.0;1.0;1.0;0.0;0.0;1.0;1.0;1.0;1.0;1.0;1.0;1.0;1.0;1.0;1.0;1.0;34,506410256410255;73,83333333333334;36;25;169,3397435897436;0,8684089414858646;B;3197
2025;3306008;Três Rios - RJ;RJ;1.0;1.0;1.0;1.0;1.0;0.0;0.0;0.0;0.0;0.0;0.0;1.0;0.0;0.0;0.0;1.0;0.0;1.0;0.0;1.0;0.0;1.0;1.0;1.0;0.0;0.0;0.0;1.0;1.0;1.0;1.0;0.0;0.0;0.0;0.0;0.0;0.0;0.0;0.0;1.0;1.0;1.0;1.0;1.0;0.0;0.0;0.0;1.0;1.0;1.0;0.0;0.0;0.0;1.0;1.0;1.0;1.0;1.0;1.0;1.0;0.0;0.0;0.0;0.0;0.0;0.0;1.0;0.0;0.0;0.0;1.0;0.0;0.0;0.0;0.0;0.0;0.0;25,935897435897434;55,66025641025641;22;14;117,59615384615385;0,6030571992110454;E;4876
2025;3306107;Valença - RJ;RJ;1.0;1.0;1.0;1.0;1.0;1.0;1.0;1.0;0.0;0.0;1.0;1.0;1.0;0.0;0.0;0.0;1.0;1.0;1.0;1.0;1.0;1.0;1.0;1.0;0.0;0.0;0.0;1.0;1.0;1.0;1.0;0.0;1.0;1.0;0.0;0.0;0.0;0.0;0.0;1.0;1.0;1.0;1.0;1.0;0.0;1.0;0.0;1.0;1.0;1.0;1.0;1.0;1.0;1.0;1.0;1.0;1.0;0.0;0.0;1.0;0.0;1.0;0.0;0.0;0.0;0.0;1.0;1.0;0.0;0.0;0.0;1.0;1.0;1.0;0.0;0.0;1.0;33,467948717948715;64,33333333333333;29;21;147,80128205128204;0,7579552925706772;C;4463
2025;3306156;Varre-Sai - RJ;RJ;1.0;1.0;1.0;1.0;1.0;1.0;1.0;1.0;1.0;1.0;1.0;1.0;1.0;1.0;1.0;1.0;1.0;1.0;1.0;1.0;1.0;1.0;1.0;1.0;1.0;1.0;1.0;1.0;1.0;1.0;1.0;0.0;1.0;1.0;1.0;1.0;0.0;1.0;1.0;1.0;1.0;1.0;1.0;1.0;1.0;1.0;1.0;1.0;1.0;1.0;1.0;1.0;1.0;1.0;1.0;1.0;1.0;1.0;1.0;1.0;1.0;1.0;1.0;1.0;1.0;1.0;1.0;1.0;1.0;1.0;1.0;1.0;1.0;1.0;0.0;1.0;1.0;35,75;69,91666666666667;40;33;178,66666666666669;0,9162393162393163;B;1976
2025;3306206;Vassouras - RJ;RJ;1.0;1.0;1.0;1.0;1.0;1.0;1.0;1.0;1.0;1.0;1.0;1.0;1.0;1.0;1.0;1.0;1.0;1.0;1.0;1.0;1.0;1.0;1.0;1.0;1.0;1.0;1.0;1.0;1.0;1.0;1.0;1.0;1.0;1.0;1.0;1.0;1.0;1.0;1.0;1.0;1.0;1.0;1.0;1.0;1.0;1.0;1.0;1.0;1.0;0.0;1.0;1.0;1.0;1.0;1.0;1.0;1.0;1.0;1.0;1.0;1.0;1.0;1.0;1.0;1.0;1.0;1.0;1.0;1.0;1.0;1.0;1.0;1.0;1.0;1.0;1.0;1.0;35,58333333333333;74,83333333333333;42;34;186,41666666666669;0,955982905982906;A;735
2025;3306305;Volta Redonda - RJ;RJ;1.0;0.0;1.0;1.0;0.9230769230769232;0.0;0.0;0.0;0.0;0.0;0.0;0.0;0.0;0.0;0.0;0.0;0.0;0.0;0.0;0.0;0.0;0.0;1.0;0.0;1.0;0.0;0.0;0.0;1.0;0.0;0.0;0.0;0.0;0.0;0.0;0.0;0.0;0.0;0.0;0.0;1.0;1.0;1.0;1.0;1.0;1.0;1.0;1.0;1.0;1.0;0.0;0.0;0.0;0.0;0.0;0.0;0.0;0.0;0.0;0.0;0.0;0.0;0.0;0.0;0.0;0.0;0.0;0.0;0.0;0.0;0.0;0.0;0.0;0.0;0.0;0.0;0.0;23,71794871794872;7,044871794871796;22;2;54,76282051282051;0,28083497698882315;E;5428
